{
  "type": "sampling",
  "neverRecomputeExistingPartitions": false,
  "optionalDependencies": false,
  "params": {
    "selection": {
      "useMemTable": false,
      "filter": {
        "distinct": false,
        "enabled": false
      },
      "partitionSelectionMethod": "ALL",
      "latestPartitionsN": 1,
      "ordering": {
        "enabled": false,
        "rules": []
      },
      "samplingMethod": "FULL",
      "maxRecords": 100000,
      "targetRatio": 0.02,
      "withinFirstN": -1,
      "maxReadUncompressedBytes": -1
    },
    "engineParams": {
      "dssEngineMaxThreads": 4,
      "sparkSQL": {
        "overwriteOutputSchema": false,
        "useGlobalMetastore": false,
        "readParams": {
          "mode": "AUTO",
          "autoModeRepartitionInto": 10,
          "map": {}
        },
        "sparkConfig": {
          "inheritConf": "default",
          "conf": []
        },
        "executionEngine": "SPARK_SUBMIT",
        "pipelineAllowStart": true,
        "pipelineAllowMerge": true,
        "skipPrerunValidate": false
      },
      "impala": {
        "forceStreamMode": true
      },
      "hive": {
        "inheritConf": "default",
        "hiveconf": [],
        "executionEngine": "HIVECLI_LOCAL",
        "addDkuUdf": false,
        "skipPrerunValidate": false
      },
      "sqlPipelineParams": {
        "pipelineAllowStart": true,
        "pipelineAllowMerge": true
      },
      "lowerCaseSchemaIfEngineRequiresIt": false
    }
  },
  "customMeta": {
    "kv": {}
  },
  "redispatchPartitioning": false,
  "maxRunningActivities": 0,
  "inputs": {
    "main": {
      "items": [
        {
          "ref": "passengers",
          "deps": []
        }
      ]
    }
  },
  "outputs": {
    "main": {
      "items": [
        {
          "ref": "passengers_filtered",
          "appendMode": false
        }
      ]
    }
  },
  "versionTag": {
    "versionNumber": 1,
    "lastModifiedBy": {
      "login": "admin"
    },
    "lastModifiedOn": 1596468448448
  },
  "creationTag": {
    "versionNumber": 0,
    "lastModifiedBy": {
      "login": "admin"
    },
    "lastModifiedOn": 1596468405133
  },
  "tags": [],
  "customFields": {},
  "checklists": {
    "checklists": []
  }
}