{
  "type": "download",
  "neverRecomputeExistingPartitions": false,
  "optionalDependencies": false,
  "params": {
    "deleteExtraFiles": true,
    "copyEvenUpToDateFiles": false,
    "sources": [
      {
        "useGlobalProxy": true,
        "providerType": "URL",
        "params": {
          "path": "https://data.transportation.gov/api/views/xgub-n9bw/rows.csv?accessType\u003dDOWNLOAD",
          "consider404AsEmpty": true,
          "fallbackHeadToGet": true,
          "trustAnySSLCertificate": false
        }
      }
    ]
  },
  "customMeta": {
    "kv": {}
  },
  "redispatchPartitioning": false,
  "maxRunningActivities": 0,
  "inputs": {},
  "outputs": {
    "main": {
      "items": [
        {
          "ref": "xl0JV15W",
          "appendMode": false
        }
      ]
    }
  },
  "versionTag": {
    "versionNumber": 1,
    "lastModifiedBy": {
      "login": "admin"
    },
    "lastModifiedOn": 1596462238102
  },
  "creationTag": {
    "versionNumber": 0,
    "lastModifiedBy": {
      "login": "admin"
    },
    "lastModifiedOn": 1596462166069
  },
  "tags": [],
  "customFields": {},
  "checklists": {
    "checklists": []
  }
}